ThreadConfig,Threads_X,Threads_Y,ThreadsPerBlock,NumBlocks,CPU_Time_ms,GPU_Time_ms,Speedup,MSE,RMSE,PSNR_dB
1x1,1,1,1,480000,7.46,20.13,0.37,0.034661,0.186174,19.37
8x8,8,8,64,7500,7.69,2.24,3.43,0.034661,0.186174,19.37
16x16,16,16,256,1900,7.42,2.33,3.19,0.034661,0.186174,19.37
32x32,32,32,1024,475,8.77,0.01,1482.98,0.675416,0.821837,6.48
16x32,16,32,512,950,7.99,2.21,3.61,0.034661,0.186174,19.37
32x16,32,16,512,950,8.44,2.22,3.80,0.034661,0.186174,19.37
64x16,64,16,1024,494,7.06,0.01,1381.51,0.675416,0.821837,6.48
16x64,16,64,1024,500,7.77,0.03,283.35,0.675416,0.821837,6.48
