ThreadConfig,Threads_X,Threads_Y,ThreadsPerBlock,NumBlocks,CPU_Time_ms,GPU_Time_ms,Speedup,MSE,RMSE,PSNR_dB
1x1,1,1,1,480000,6.63,20.06,0.33,0.034656,0.186162,19.37
8x8,8,8,64,7500,6.43,2.23,2.88,0.034656,0.186162,19.37
16x16,16,16,256,1900,6.26,2.20,2.84,0.034656,0.186162,19.37
32x32,32,32,1024,475,7.03,0.00,1580.61,0.675416,0.821837,6.48
16x32,16,32,512,950,8.06,2.24,3.60,0.034656,0.186162,19.37
32x16,32,16,512,950,8.84,2.23,3.96,0.034656,0.186162,19.37
64x16,64,16,1024,494,6.57,0.03,235.72,0.675416,0.821837,6.48
16x64,16,64,1024,500,6.44,0.00,1429.14,0.675416,0.821837,6.48
